{"cameraMode":{"drawMode":0,"name":"Shaded","section":"Shading Mode"},"sceneLighting":true,"audioPlay":false,"sceneViewState":{"showFog":true,"showMaterialUpdate":false,"showSkybox":true,"showFlares":true,"showImageEffects":true,"showParticleSystems":true},"in2DMode":false,"pivot":{"x":1.1487400531768799,"y":0.14886167645454408,"z":6.220579624176025},"rotation":{"x":-0.2572937309741974,"y":-0.13370303809642793,"z":0.035971201956272128,"w":-0.9563679695129395},"size":9.150015830993653,"orthographic":false}